2024-06-26 19:03,83
2024-06-26 18:35,102
2024-06-26 18:04,91
2024-06-26 17:30,49
2024-06-26 15:29,35
2024-06-26 15:01,34
2024-06-26 14:31,38
2024-06-26 14:08,34
2024-06-26 13:00,26
2024-06-26 12:41,27
2024-06-26 12:01,21
2024-06-26 11:33,31
2024-06-26 10:37,29
2024-06-26 10:12,25
2024-06-26 9:28,30
2024-06-26 8:53,26
2024-06-26 7:59,15
2024-06-26 7:28,16
2024-06-26 6:57,12
2024-06-25 18:35,84
2024-06-25 18:04,85
2024-06-25 17:25,72
2024-06-25 17:01,66
2024-06-25 16:34,57
2024-06-25 15:57,34
2024-06-25 15:30,30
2024-06-25 14:30,30
2024-06-25 14:01,22
2024-06-25 13:31,10
2024-06-25 11:38,16
2024-06-25 10:34,20
2024-06-25 10:03,21
2024-06-25 9:28,21
2024-06-25 8:01,17
2024-06-25 7:30,16
2024-06-24 19:02,88
2024-06-24 18:25,84
2024-06-24 18:01,75
2024-06-24 17:30,69
2024-06-24 16:59,55
2024-06-24 16:34,44
2024-06-24 15:59,47
2024-06-24 15:30,36
2024-06-24 15:07,42
2024-06-24 14:40,31
2024-06-24 14:03,30
2024-06-24 12:59,31
2024-06-24 12:38,30
2024-06-24 12:00,11
2024-06-24 11:31,21
2024-06-24 10:58,27
2024-06-24 10:32,25
2024-06-24 10:01,29
2024-06-24 9:32,31
2024-06-24 9:01,24
2024-06-24 8:36,24
2024-06-24 8:03,17
2024-06-24 7:32,20
2024-06-24 7:11,19
2024-06-23 15:51,40
2024-06-23 15:28,37
2024-06-23 14:52,35
2024-06-23 14:23,26
2024-06-23 13:57,26
2024-06-23 13:29,28
2024-06-23 12:27,24
2024-06-23 12:05,25
2024-06-23 11:11,23
2024-06-23 10:58,26
2024-06-23 10:47,22
2024-06-23 10:04,21
2024-06-23 9:40,18
2024-06-22 15:26,41
2024-06-22 15:00,44
2024-06-22 14:32,48
2024-06-22 13:53,46
2024-06-22 13:28,39
2024-06-22 12:02,39
2024-06-22 11:30,29
2024-06-22 10:05,19
2024-06-21 18:22,66
2024-06-21 17:36,61
2024-06-21 16:57,53
2024-06-21 16:32,46
2024-06-21 16:02,43
2024-06-21 15:34,37
2024-06-21 15:30,40
2024-06-21 15:00,32
2024-06-21 14:27,35
2024-06-21 14:02,30
2024-06-21 13:30,15
2024-06-21 13:05,18
2024-06-21 10:50,22
2024-06-21 10:20,22
2024-06-21 9:35,26
2024-06-21 8:52,26
2024-06-21 8:31,27
2024-06-21 8:04,22
2024-06-21 7:40,18
2024-06-20 18:58,64
2024-06-20 18:26,87
2024-06-20 18:02,66
2024-06-20 17:29,53
2024-06-20 17:02,60
2024-06-20 16:29,47
2024-06-20 16:04,45
2024-06-20 15:27,35
2024-06-20 15:00,40
2024-06-20 14:30,25
2024-06-20 13:59,22
2024-06-20 13:34,21
2024-06-20 12:59,18
2024-06-20 12:36,19
2024-06-20 11:59,17
2024-06-20 11:34,20
2024-06-20 10:57,19
2024-06-20 9:28,22
2024-06-20 8:57,32
2024-06-20 8:32,26
2024-06-19 18:49,90
2024-06-19 18:30,103
2024-06-19 18:00,79
2024-06-19 17:33,48
2024-06-19 16:55,50
2024-06-19 16:28,38
2024-06-19 16:06,39
2024-06-19 15:32,37
2024-06-19 14:53,35
2024-06-19 14:33,26
2024-06-19 13:54,16
2024-06-19 13:21,24
2024-06-19 12:58,30
2024-06-19 12:32,30
2024-06-19 11:56,32
2024-06-19 11:47,30
2024-06-19 11:37,22
2024-06-19 11:00,18
2024-06-19 10:37,19
2024-06-19 9:55,22
2024-06-19 9:02,25
2024-06-19 8:32,17
2024-06-19 8:02,12
2024-06-19 7:31,16
2024-06-19 7:03,11
2024-06-18 18:59,107
2024-06-18 18:32,123
2024-06-18 18:06,105
2024-06-18 17:30,92
2024-06-18 17:03,81
2024-06-18 16:32,51
2024-06-18 15:56,41
2024-06-18 15:30,38
2024-06-18 14:59,36
2024-06-18 14:30,33
2024-06-18 14:01,28
2024-06-18 13:24,35
2024-06-18 13:02,35
2024-06-18 12:28,36
2024-06-18 11:54,28
2024-06-18 11:25,18
2024-06-18 10:58,17
2024-06-18 10:28,22
2024-06-18 9:57,25
2024-06-18 9:22,39
2024-06-18 9:00,27
2024-06-18 8:28,25
2024-06-18 8:02,22
2024-06-18 7:30,13
2024-06-18 6:51,11
2024-06-17 18:28,101
2024-06-17 17:59,81
2024-06-17 17:28,84
2024-06-17 17:03,63
2024-06-17 15:58,59
2024-06-17 15:27,50
2024-06-17 15:02,40
2024-06-17 14:08,35
2024-06-17 13:37,24
2024-06-17 12:53,22
2024-06-17 12:33,23
2024-06-17 11:58,21
2024-06-17 11:41,21
2024-06-17 10:56,22
2024-06-17 10:30,29
2024-06-17 10:04,26
2024-06-17 9:29,29
2024-06-17 9:01,26
2024-06-17 7:59,20
2024-06-17 7:39,13
2024-06-16 15:58,26
2024-06-16 15:33,31
2024-06-16 14:36,25
2024-06-16 14:08,30
2024-06-16 13:31,27
2024-06-16 13:07,24
2024-06-16 13:00,18
2024-06-16 12:05,20
2024-06-16 11:33,23
2024-06-16 11:03,26
2024-06-16 10:40,31
2024-06-16 9:58,22
2024-06-15 15:57,46
2024-06-15 15:35,39
2024-06-15 15:02,29
2024-06-15 14:00,40
2024-06-15 13:35,29
2024-06-15 13:00,43
2024-06-15 12:32,38
2024-06-15 12:00,44
2024-06-15 11:32,33
2024-06-15 10:56,24
2024-06-15 10:37,23
2024-06-15 9:58,19
2024-06-15 9:36,12
2024-06-14 19:01,62
2024-06-14 18:28,79
2024-06-14 18:00,76
2024-06-14 17:32,62
2024-06-14 17:01,60
2024-06-14 16:33,54
2024-06-14 16:02,36
2024-06-14 15:20,31
2024-06-14 15:01,26
2024-06-14 14:26,32
2024-06-14 13:58,27
2024-06-14 13:32,21
2024-06-14 12:57,25
2024-06-14 12:32,24
2024-06-14 11:57,17
2024-06-14 11:28,20
2024-06-14 9:56,24
2024-06-14 9:30,25
2024-06-14 9:12,22
2024-06-14 8:47,20
2024-06-14 8:00,19
2024-06-14 7:27,17
2024-06-14 7:11,14
2024-06-13 18:37,65
2024-06-13 18:02,54
2024-06-13 17:32,53
2024-06-13 17:07,49
2024-06-13 16:09,16
2024-06-13 15:00,45
2024-06-13 14:33,28
2024-06-13 14:00,25
2024-06-13 13:33,29
2024-06-13 13:00,25
2024-06-13 12:34,27
2024-06-13 12:03,20
2024-06-13 11:37,24
2024-06-13 10:50,19
2024-06-13 10:28,30
2024-06-13 9:59,24
2024-06-13 9:28,21
2024-06-13 9:04,28
2024-06-13 8:28,27
2024-06-13 7:59,24
2024-06-13 7:35,19
2024-06-13 7:03,14
2024-06-12 19:00,107
2024-06-12 18:39,103
2024-06-12 18:09,98
2024-06-12 17:38,89
2024-06-12 17:04,51
2024-06-12 16:29,41
2024-06-12 15:52,38
2024-06-12 15:23,27
2024-06-12 14:58,25
2024-06-12 14:30,23
2024-06-12 13:56,24
2024-06-12 13:29,25
2024-06-12 12:55,33
2024-06-12 12:37,34
2024-06-12 12:01,25
2024-06-12 11:26,17
2024-06-12 10:56,28
2024-06-12 10:25,26
2024-06-12 10:07,23
2024-06-12 9:39,28
2024-06-12 9:04,26
2024-06-12 8:26,26
2024-06-12 8:11,23
2024-06-12 7:29,18
2024-06-12 7:08,13
2024-06-11 19:01,71
2024-06-11 18:35,101
2024-06-11 17:57,75
2024-06-11 17:36,70
2024-06-11 16:57,76
2024-06-11 16:29,61
2024-06-11 16:04,53
2024-06-11 15:35,43
2024-06-11 15:00,37
2024-06-11 14:36,26
2024-06-11 14:02,29
2024-06-11 13:38,30
2024-06-11 13:00,20
2024-06-11 12:35,27
2024-06-11 11:57,19
2024-06-11 11:32,15
2024-06-11 11:01,14
2024-06-11 10:30,18
2024-06-11 10:00,20
2024-06-11 9:39,25
2024-06-11 9:03,28
2024-06-11 7:55,20
2024-06-11 7:28,15
2024-06-11 7:05,10
2024-06-11 6:37,5
2024-06-10 18:58,99
2024-06-10 18:30,104
2024-06-10 18:04,95
2024-06-10 17:26,83
2024-06-10 17:01,63
2024-06-10 16:32,59
2024-06-10 16:05,54
2024-06-10 15:38,43
2024-06-10 15:00,29
2024-06-10 14:33,31
2024-06-10 14:00,30
2024-06-10 13:18,33
2024-06-10 12:13,27
2024-06-10 11:33,20
2024-06-10 10:56,17
2024-06-10 10:27,22
2024-06-10 9:54,17
2024-06-10 9:26,22
2024-06-10 9:02,25
2024-06-10 8:27,25
2024-06-10 8:02,16
2024-06-10 7:35,21
2024-06-10 7:00,18
2024-06-10 6:37,8
2024-06-09 16:01,47
2024-06-09 15:29,37
2024-06-09 14:59,36
2024-06-09 14:28,24
2024-06-09 13:58,22
2024-06-09 13:30,30
2024-06-09 13:09,30
2024-06-09 12:30,25
2024-06-09 12:02,28
2024-06-09 11:41,19
2024-06-09 11:03,17
2024-06-09 10:32,27
2024-06-09 10:07,30
2024-06-09 9:33,15
2024-06-08 16:14,41
2024-06-08 16:00,71
2024-06-08 15:29,64
2024-06-08 14:57,51
2024-06-08 14:30,48
2024-06-08 13:59,43
2024-06-08 13:30,35
2024-06-08 13:01,35
2024-06-08 12:33,42
2024-06-08 11:34,32
2024-06-08 11:12,23
2024-06-08 10:30,27
2024-06-08 10:01,19
2024-06-08 9:32,15
2024-06-07 19:22,51
2024-06-07 18:34,75
2024-06-07 18:07,72
2024-06-07 17:37,60
2024-06-07 17:19,57
2024-06-07 16:39,55
2024-06-07 15:59,42
2024-06-07 15:25,33
2024-06-07 14:58,27
2024-06-07 14:25,28
2024-06-07 13:57,35
2024-06-07 13:30,29
2024-06-07 13:01,22
2024-06-07 12:38,41
2024-06-07 12:00,38
2024-06-07 11:39,37
2024-06-07 11:00,33
2024-06-07 10:00,22
2024-06-07 9:30,19
2024-06-07 9:01,17
2024-06-07 8:32,29
2024-06-07 7:52,19
2024-06-07 7:31,14
2024-06-07 6:57,8
2024-06-06 18:58,59
2024-06-06 18:32,90
2024-06-06 17:33,75
2024-06-06 16:56,69
2024-06-06 16:30,68
2024-06-06 15:01,32
2024-06-06 14:30,31
2024-06-06 12:02,25
2024-06-06 10:57,29
2024-06-06 10:29,32
2024-06-06 9:55,33
2024-06-06 9:33,20
2024-06-06 8:55,21
2024-06-06 8:29,27
2024-06-06 7:54,25
2024-06-06 7:27,18
2024-06-06 7:19,16
2024-06-05 18:59,89
2024-06-05 18:27,105
2024-06-05 18:00,83
2024-06-05 17:29,91
2024-06-05 16:59,73
2024-06-05 16:30,56
2024-06-05 16:00,45
2024-06-05 15:27,46
2024-06-05 14:56,36
2024-06-05 14:01,35
2024-06-05 13:24,26
2024-06-05 12:58,25
2024-06-05 12:33,20
2024-06-05 11:55,23
2024-06-05 11:28,18
2024-06-05 10:56,23
2024-06-05 10:26,26
2024-06-05 9:27,24
2024-06-05 8:53,32
2024-06-05 8:34,29
2024-06-05 8:04,27
2024-06-05 7:39,22
2024-06-05 6:58,19
2024-06-04 18:57,90
2024-06-04 18:27,95
2024-06-04 17:58,102
2024-06-04 17:30,77
2024-06-04 17:01,94
2024-06-04 16:27,87
2024-06-04 16:05,56
2024-06-04 15:30,53
2024-06-04 14:56,39
2024-06-04 14:37,30
2024-06-04 13:57,25
2024-06-04 13:24,36
2024-06-04 13:00,43
2024-06-04 12:26,39
2024-06-04 11:59,33
2024-06-04 11:27,34
2024-06-04 10:56,29
2024-06-04 10:36,28
2024-06-04 10:06,30
2024-06-04 9:46,31
2024-06-04 9:08,25
2024-06-04 8:31,25
2024-06-04 8:11,14
2024-06-04 7:39,17
2024-06-04 7:01,15
2024-06-03 19:02,102
2024-06-03 18:34,107
2024-06-03 17:59,114
2024-06-03 17:35,97
2024-06-03 17:03,81
2024-06-03 16:29,62
2024-06-03 16:15,48
2024-06-03 15:24,42
2024-06-03 15:05,38
2024-06-03 14:25,41
2024-06-03 13:57,36
2024-06-03 13:30,27
2024-06-03 13:02,23
2024-06-03 12:34,20
2024-06-03 12:01,22
2024-06-03 11:28,29
2024-06-03 10:27,26
2024-06-03 10:05,22
2024-06-03 9:26,26
2024-06-03 8:56,22
2024-06-03 8:32,21
2024-06-03 7:54,36
2024-06-03 7:28,23
2024-06-03 6:57,14
2024-06-02 16:00,54
2024-06-02 15:32,51
2024-06-02 15:07,43
2024-06-02 14:31,29
2024-06-02 14:05,36
2024-06-02 13:34,38
2024-06-02 12:55,20
2024-06-02 12:28,18
2024-06-02 11:56,14
2024-06-02 11:28,13
2024-06-02 11:06,16
2024-06-02 10:35,15
2024-06-02 10:00,16
2024-06-02 9:28,11
2024-06-01 16:00,57
2024-06-01 15:34,42
2024-06-01 15:02,40
2024-06-01 14:29,38
2024-06-01 13:59,45
2024-06-01 13:28,43
2024-06-01 13:01,33
2024-06-01 12:32,29
2024-06-01 11:29,23
2024-06-01 11:08,17
2024-06-01 10:33,17
2024-06-01 9:58,14
2024-06-01 9:27,11
2024-05-31 18:56,57
2024-05-31 18:27,58
2024-05-31 17:58,66
2024-05-31 17:28,68
2024-05-31 16:58,65
2024-05-31 16:31,68
2024-05-31 16:00,42
2024-05-31 15:27,37
2024-05-31 14:58,25
2024-05-31 14:29,25
2024-05-31 14:07,24
2024-05-31 13:39,30
2024-05-31 13:04,37
2024-05-31 12:28,38
2024-05-31 11:59,36
2024-05-31 11:31,24
2024-05-31 10:55,22
2024-05-31 10:36,20
2024-05-31 10:05,20
2024-05-31 9:31,13
2024-05-31 9:06,19
2024-05-31 8:31,24
2024-05-31 8:13,14
2024-05-31 7:44,16
2024-05-31 7:01,15
2024-05-30 18:59,81
2024-05-30 18:32,91
2024-05-30 18:06,82
2024-05-30 17:28,66
2024-05-30 17:00,50
2024-05-30 16:29,49
2024-05-30 16:06,48
2024-05-30 15:00,50
2024-05-30 14:30,43
2024-05-30 14:04,31
2024-05-30 13:30,35
2024-05-30 13:00,30
2024-05-30 12:29,30
2024-05-30 12:00,24
2024-05-30 11:30,17
2024-05-30 10:57,23
2024-05-30 10:27,26
2024-05-30 10:03,24
2024-05-30 9:27,19
2024-05-30 9:03,20
2024-05-30 8:28,21
2024-05-30 8:16,13
2024-05-30 7:22,22
2024-05-29 19:03,95
2024-05-29 18:29,110
2024-05-29 17:57,80
2024-05-29 17:26,77
2024-05-29 16:32,47
2024-05-29 15:55,43
2024-05-29 15:23,42
2024-05-29 14:58,40
2024-05-29 14:30,30
2024-05-29 14:01,32
2024-05-29 13:30,32
2024-05-29 12:58,43
2024-05-29 12:30,40
2024-05-29 11:57,26
2024-05-29 11:32,31
2024-05-29 10:57,29
2024-05-29 10:27,27
2024-05-29 9:58,25
2024-05-29 9:29,24
2024-05-29 9:01,26
2024-05-29 7:32,24
2024-05-29 7:00,15
2024-05-28 19:01,80
2024-05-28 18:32,116
2024-05-28 18:00,122
2024-05-28 17:32,124
2024-05-28 17:01,92
2024-05-28 16:30,104
2024-05-28 16:00,55
2024-05-28 15:25,44
2024-05-28 14:57,34
2024-05-28 14:31,31
2024-05-28 14:04,23
2024-05-28 13:33,39
2024-05-28 12:58,37
2024-05-28 12:28,28
2024-05-28 11:59,19
2024-05-28 11:35,27
2024-05-28 10:56,27
2024-05-28 10:31,26
2024-05-28 10:01,25
2024-05-28 9:35,22
2024-05-28 9:02,31
2024-05-28 8:33,31
2024-05-28 8:02,28
2024-05-28 7:35,30
2024-05-28 7:00,21
2024-05-27 18:58,137
2024-05-27 18:34,149
2024-05-27 18:05,133
2024-05-27 17:28,83
2024-05-27 17:08,73
2024-05-27 16:31,88
2024-05-27 15:57,48
2024-05-27 15:30,48
2024-05-27 15:00,42
2024-05-27 14:30,30
2024-05-27 13:58,38
2024-05-27 13:29,40
2024-05-27 13:02,45
2024-05-27 12:33,31
2024-05-27 12:00,23
2024-05-27 11:33,23
2024-05-27 10:55,19
2024-05-27 10:31,13
2024-05-27 10:02,18
2024-05-27 9:33,21
2024-05-27 9:06,32
2024-05-27 8:39,25
2024-05-27 8:02,30
2024-05-27 7:44,26
2024-05-27 7:03,15
2024-05-26 15:57,84
2024-05-26 15:27,50
2024-05-26 14:59,62
2024-05-26 14:32,56
2024-05-26 14:01,53
2024-05-26 13:28,40
2024-05-26 13:06,37
2024-05-26 12:31,36
2024-05-26 12:13,38
2024-05-26 11:04,31
2024-05-26 10:34,38
2024-05-26 10:04,30
2024-05-26 9:32,18
2024-05-25 15:58,95
2024-05-25 15:36,66
2024-05-25 15:02,41
2024-05-25 14:34,35
2024-05-25 14:00,33
2024-05-25 13:34,37
2024-05-25 12:34,42
2024-05-25 12:00,30
2024-05-25 11:30,27
2024-05-25 11:00,22
2024-05-25 10:32,23
2024-05-25 9:59,28
2024-05-25 9:30,13
2024-05-24 19:00,64
2024-05-24 18:32,64
2024-05-24 18:07,92
2024-05-24 17:31,95
2024-05-24 17:01,
2024-05-24 16:30,64
2024-05-24 16:07,51
2024-05-24 15:33,40
2024-05-24 15:02,36
2024-05-24 14:30,34
2024-05-24 14:00,45
2024-05-24 13:28,32
2024-05-24 12:59,31
2024-05-24 12:36,28
2024-05-24 12:01,30
2024-05-24 11:31,37
2024-05-24 10:55,37
2024-05-24 10:30,32
2024-05-24 9:57,29
2024-05-24 9:27,20
2024-05-24 9:09,28
2024-05-24 8:26,27
2024-05-24 8:03,22
2024-05-24 7:27,20
2024-05-24 6:59,12
2024-05-23 20:43,54
2024-05-23 18:00,58
2024-05-23 17:01,53
2024-05-23 16:31,50
2024-05-23 16:03,39
2024-05-23 15:26,40
2024-05-23 14:57,34
2024-05-23 14:32,31
2024-05-23 14:01,30
2024-05-23 13:32,28
2024-05-23 13:01,34
2024-05-23 12:33,29
2024-05-23 12:01,22
2024-05-23 11:35,21
2024-05-23 10:57,25
2024-05-23 10:32,26
2024-05-23 10:02,24
2024-05-23 9:33,27
2024-05-23 9:02,18
2024-05-23 8:33,19
2024-05-23 8:21,27
2024-05-23 7:34,21
2024-05-23 7:07,20
2024-05-22 18:59,82
2024-05-22 18:37,118
2024-05-22 18:11,113
2024-05-22 17:34,59
2024-05-22 17:01,60
2024-05-22 16:30,55
2024-05-22 16:00,48
2024-05-22 15:30,35
2024-05-22 14:59,21
2024-05-22 14:26,31
2024-05-22 13:52,29
2024-05-22 13:30,42
2024-05-22 13:04,53
2024-05-22 12:33,51
2024-05-22 11:57,34
2024-05-22 11:30,30
2024-05-22 10:56,31
2024-05-22 10:30,22
2024-05-22 9:58,32
2024-05-22 9:27,28
2024-05-22 8:55,29
2024-05-22 8:27,33
2024-05-22 7:59,36
2024-05-22 7:27,28
2024-05-22 6:58,14
2024-05-21 18:58,85
2024-05-21 18:29,90
2024-05-21 17:58,98
2024-05-21 17:27,78
2024-05-21 17:02,77
2024-05-21 16:30,62
2024-05-21 15:58,65
2024-05-21 15:27,53
2024-05-21 15:00,36
2024-05-21 14:33,41
2024-05-21 14:02,41
2024-05-21 13:36,40
2024-05-21 13:00,54
2024-05-21 12:38,34
2024-05-21 12:01,30
2024-05-21 11:36,22
2024-05-21 11:06,27
2024-05-21 10:25,37
2024-05-21 9:59,27
2024-05-21 9:28,24
2024-05-21 8:57,29
2024-05-21 8:29,32
2024-05-21 7:58,23
2024-05-21 7:29,22
2024-05-21 7:00,21
2024-05-21 6:39,9
2024-05-19 15:27,38
2024-05-19 14:58,41
2024-05-19 14:31,44
2024-05-19 13:58,49
2024-05-19 13:31,41
2024-05-19 13:01,37
2024-05-19 12:32,34
2024-05-19 12:02,31
2024-05-19 11:34,27
2024-05-19 11:05,35
2024-05-19 10:33,29
2024-05-19 10:02,28
2024-05-19 9:31,22
2024-05-18 16:00,54
2024-05-18 15:31,43
2024-05-18 15:00,26
2024-05-18 14:27,31
2024-05-18 14:02,28
2024-05-18 13:31,31
2024-05-18 13:06,38
2024-05-18 12:30,46
2024-05-18 12:03,39
2024-05-18 11:30,34
2024-05-18 11:01,19
2024-05-18 10:31,23
2024-05-18 10:02,31
2024-05-18 9:30,25
2024-05-17 18:31,45
2024-05-17 18:07,59
2024-05-17 17:30,51
2024-05-17 17:05,58
2024-05-17 16:39,55
2024-05-17 16:03,45
2024-05-17 15:31,45
2024-05-17 15:02,42
2024-05-17 14:34,29
2024-05-17 14:11,26
2024-05-17 13:32,26
2024-05-17 13:04,42
2024-05-17 12:32,27
2024-05-17 12:02,14
2024-05-17 11:30,19
2024-05-17 11:10,23
2024-05-17 10:29,21
2024-05-17 10:12,15
2024-05-17 9:28,25
2024-05-17 8:59,28
2024-05-17 8:28,26
2024-05-17 7:58,17
2024-05-17 7:27,14
2024-05-17 6:53,12
2024-05-16 19:06,59
2024-05-16 18:33,75
2024-05-16 18:03,81
2024-05-16 17:32,87
2024-05-16 16:58,78
2024-05-16 16:32,58
2024-05-16 16:02,46
2024-05-16 15:39,39
2024-05-16 15:00,44
2024-05-16 14:25,30
2024-05-16 14:04,22
2024-05-16 13:29,38
2024-05-16 13:01,25
2024-05-16 12:33,33
2024-05-16 11:59,30
2024-05-16 11:33,20
2024-05-16 10:25,22
2024-05-16 9:57,21
2024-05-16 9:26,29
2024-05-16 8:59,23
2024-05-16 8:03,16
2024-05-16 7:25,13
2024-05-15 18:09,61
2024-05-15 16:58,78
2024-05-15 16:34,66
2024-05-15 16:02,69
2024-05-15 15:33,59
2024-05-15 14:58,30
2024-05-15 14:30,18
2024-05-15 14:01,36
2024-05-15 13:31,31
2024-05-15 12:57,32
2024-05-15 12:41,36
2024-05-15 11:56,27
2024-05-15 11:33,16
2024-05-15 10:56,23
2024-05-15 10:28,25
2024-05-15 9:54,27
2024-05-15 9:30,32
2024-05-15 8:59,33
2024-05-15 8:28,22
2024-05-15 7:58,17
2024-05-15 7:29,15
2024-05-15 6:58,15
2024-05-14 18:32,85
2024-05-14 18:04,93
2024-05-14 17:29,101
2024-05-14 16:59,107
2024-05-14 16:29,74
2024-05-14 16:10,46
2024-05-14 15:24,47
2024-05-14 14:58,49
2024-05-14 14:29,32
2024-05-14 13:54,27
2024-05-14 13:33,33
2024-05-14 13:02,27
2024-05-14 12:27,32
2024-05-14 11:59,37
2024-05-14 11:28,24
2024-05-14 11:00,23
2024-05-14 10:30,25
2024-05-14 10:09,20
2024-05-14 9:37,25
2024-05-14 9:07,29
2024-05-14 8:32,28
2024-05-14 8:02,18
2024-05-14 7:32,22
2024-05-14 7:02,16
2024-05-13 19:00,76
2024-05-13 18:29,81
2024-05-13 17:56,61
2024-05-13 17:02,49
2024-05-13 16:28,41
2024-05-13 16:03,34
2024-05-13 15:32,36
2024-05-13 14:59,34
2024-05-13 14:32,31
2024-05-13 14:02,32
2024-05-13 13:32,34
2024-05-13 13:02,45
2024-05-13 12:32,38
2024-05-13 12:01,27
2024-05-13 11:32,18
2024-05-13 11:06,19
2024-05-13 10:29,31
2024-05-13 10:03,25
2024-05-13 9:26,24
2024-05-13 8:56,27
2024-05-13 8:25,22
2024-05-13 8:05,13
2024-05-13 7:20,
2024-05-13 6:59,17
2024-05-12 15:59,32
2024-05-12 15:31,34
2024-05-12 14:58,25
2024-05-12 14:30,29
2024-05-12 13:58,24
2024-05-12 13:29,25
2024-05-12 12:57,21
2024-05-12 12:39,27
2024-05-12 12:01,27
2024-05-12 11:34,34
2024-05-12 11:02,25
2024-05-12 10:31,24
2024-05-12 10:01,14
2024-05-12 9:31,11
2024-05-11 15:58,30
2024-05-11 15:28,25
2024-05-11 14:58,27
2024-05-11 14:34,24
2024-05-11 13:28,20
2024-05-11 12:59,26
2024-05-11 12:29,22
2024-05-11 12:00,20
2024-05-11 11:33,15
2024-05-11 10:59,21
2024-05-11 10:30,26
2024-05-11 10:05,31
2024-05-11 9:32,18
2024-05-10 19:05,42
2024-05-10 18:32,42
2024-05-10 18:05,37
2024-05-10 17:31,39
2024-05-10 17:12,44
2024-05-10 16:38,41
2024-05-10 16:00,34
2024-05-10 15:22,18
2024-05-10 15:01,23
2024-05-10 13:26,25
2024-05-10 12:52,21
2024-05-10 12:37,21
2024-05-10 11:54,27
2024-05-10 11:25,20
2024-05-10 10:58,18
2024-05-10 10:31,18
2024-05-10 10:02,19
2024-05-10 9:36,18
2024-05-10 9:03,30
2024-05-10 8:32,27
2024-05-10 8:03,22
2024-05-10 7:32,15
2024-05-10 7:05,13
2024-05-09 19:01,44
2024-05-09 18:39,62
2024-05-09 17:57,65
2024-05-09 17:32,53
2024-05-09 16:58,45
2024-05-09 16:32,39
2024-05-09 16:03,33
2024-05-09 15:27,23
2024-05-09 14:58,26
2024-05-09 14:29,27
2024-05-09 13:59,37
2024-05-09 12:31,26
2024-05-09 11:39,25
2024-05-09 10:53,26
2024-05-09 10:31,18
2024-05-09 10:00,19
2024-05-09 9:27,26
2024-05-09 8:58,22
2024-05-09 8:30,19
2024-05-09 8:00,22
2024-05-09 7:27,17
2024-05-08 18:34,69
2024-05-08 17:59,93
2024-05-08 17:01,80
2024-05-08 16:30,60
2024-05-08 16:02,43
2024-05-08 15:29,31
2024-05-08 14:55,30
2024-05-08 14:26,28
2024-05-08 13:57,22
2024-05-08 13:28,23
2024-05-08 12:56,26
2024-05-08 12:28,27
2024-05-08 12:01,19
2024-05-08 11:32,24
2024-05-08 10:56,17
2024-05-08 10:32,16
2024-05-08 10:04,21
2024-05-08 9:38,28
2024-05-08 9:05,20
2024-05-08 8:34,23
2024-05-08 8:07,23
2024-05-08 7:32,28
2024-05-08 7:03,15
2024-05-07 18:53,67
2024-05-07 18:33,69
2024-05-07 18:01,68
2024-05-07 17:32,79
2024-05-07 16:58,71
2024-05-07 16:27,60
2024-05-07 15:58,59
2024-05-07 15:28,51
2024-05-07 15:03,53
2024-05-07 14:02,31
2024-05-07 13:30,40
2024-05-07 13:05,36
2024-05-07 12:35,40
2024-05-07 12:01,32
2024-05-07 11:30,20
2024-05-07 10:25,17
2024-05-07 9:58,13
2024-05-07 9:32,14
2024-05-07 9:02,20
2024-05-07 8:26,19
2024-05-07 7:57,17
2024-05-07 7:31,21
2024-05-07 6:57,12
2024-05-06 19:02,57
2024-05-06 18:40,53
2024-05-06 17:59,50
2024-05-06 17:34,53
2024-05-06 17:02,51
2024-05-06 16:33,48
2024-05-06 16:02,42
2024-05-06 15:32,37
2024-05-06 14:58,33
2024-05-06 14:30,35
2024-05-06 14:00,31
2024-05-06 13:28,18
2024-05-06 13:00,18
2024-05-06 12:29,19
2024-05-06 11:58,16
2024-05-06 11:35,20
2024-05-06 10:57,21
2024-05-06 10:34,19
2024-05-06 10:06,21
2024-05-06 9:31,21
2024-05-06 9:06,27
2024-05-06 8:31,24
2024-05-06 8:01,20
2024-05-06 7:31,22
2024-05-06 7:04,11
2024-05-05 15:58,47
2024-05-05 15:32,43
2024-05-05 14:58,35
2024-05-05 14:29,26
2024-05-05 14:02,24
2024-05-05 13:29,20
2024-05-05 12:57,18
2024-05-05 12:31,17
2024-05-05 11:58,22
2024-05-05 11:31,22
2024-05-05 11:03,23
2024-05-05 10:29,22
2024-05-05 9:57,21
2024-05-05 9:29,15
2024-05-04 15:58,41
2024-05-04 15:31,37
2024-05-04 14:59,35
2024-05-04 14:28,29
2024-05-04 14:04,27
2024-05-04 13:30,22
2024-05-04 12:58,27
2024-05-04 12:28,22
2024-05-04 11:59,20
2024-05-04 11:28,21
2024-05-04 11:00,19
2024-05-04 10:28,20
2024-05-04 9:59,17
2024-05-04 9:36,14
2024-05-03 19:02,40
2024-05-03 18:34,43
2024-05-03 18:01,43
2024-05-03 17:31,31
2024-05-03 17:02,37
2024-05-03 16:31,38
2024-05-03 16:04,36
2024-05-03 15:36,44
2024-05-03 14:58,34
2024-05-03 14:32,21
2024-05-03 14:04,19
2024-05-03 13:02,13
2024-05-03 12:32,12
2024-05-03 11:41,21
2024-05-03 11:00,27
2024-05-03 10:33,18
2024-05-03 9:59,17
2024-05-03 9:31,18
2024-05-03 9:01,16
2024-05-03 8:34,17
2024-05-03 8:03,12
2024-05-03 7:29,19
2024-05-03 6:59,8
2024-05-02 18:58,51
2024-05-02 18:31,51
2024-05-02 17:57,41
2024-05-02 17:33,40
2024-05-02 16:57,36
2024-05-02 16:34,37
2024-05-02 16:07,31
2024-05-02 15:36,23
2024-05-02 14:57,13
2024-05-02 14:26,13
2024-05-02 13:59,15
2024-05-02 13:23,27
2024-05-02 12:50,30
2024-05-02 11:56,31
2024-05-02 11:37,26
2024-05-02 10:58,51
2024-05-02 10:31,51
2024-05-02 9:57,41
2024-05-02 9:33,40
2024-05-02 8:57,36
2024-05-02 8:34,37
2024-05-02 8:07,31
2024-05-02 7:36,23
2024-05-02 6:57,13
2024-05-02 6:26,13
