Tue Jun 11 19:35:47 +0000 2024,43
Tue Jun 11 20:04:13 +0000 2024,53
Tue Jun 11 20:29:16 +0000 2024,61
Tue Jun 11 20:57:55 +0000 2024,76
Tue Jun 11 21:36:51 +0000 2024,70
Tue Jun 11 21:57:28 +0000 2024,75
Tue Jun 11 22:35:20 +0000 2024,101
Tue Jun 11 23:01:44 +0000 2024,71
Wed Jun 12 11:08:57 +0000 2024,13
Wed Jun 12 11:29:48 +0000 2024,18
Wed Jun 12 12:11:34 +0000 2024,23
Wed Jun 12 12:26:46 +0000 2024,26
Wed Jun 12 13:04:30 +0000 2024,26
Wed Jun 12 13:39:28 +0000 2024,28
Wed Jun 12 14:07:02 +0000 2024,23
Wed Jun 12 14:25:37 +0000 2024,26
Wed Jun 12 14:56:05 +0000 2024,28
Wed Jun 12 15:26:52 +0000 2024,17
Wed Jun 12 16:01:38 +0000 2024,25
Wed Jun 12 16:37:12 +0000 2024,34
Wed Jun 12 16:55:34 +0000 2024,33
Wed Jun 12 17:29:55 +0000 2024,25
Wed Jun 12 17:56:20 +0000 2024,24
Wed Jun 12 18:30:31 +0000 2024,23
Wed Jun 12 18:58:39 +0000 2024,25
Wed Jun 12 19:23:07 +0000 2024,27
Wed Jun 12 19:52:54 +0000 2024,38
Wed Jun 12 20:29:40 +0000 2024,41
Wed Jun 12 21:04:10 +0000 2024,51
Wed Jun 12 21:38:11 +0000 2024,89
Wed Jun 12 22:09:06 +0000 2024,98
Wed Jun 12 22:39:22 +0000 2024,103
Wed Jun 12 23:00:11 +0000 2024,107
