Wed Jun 12 16:37:12 +0000 2024, 34 
Wed Jun 12 16:55:34 +0000 2024, 33 
Wed Jun 12 17:29:55 +0000 2024, 25 
Wed Jun 12 17:56:20 +0000 2024, 24 
Wed Jun 12 18:30:31 +0000 2024, 23 
Wed Jun 12 18:58:39 +0000 2024, 25 
Wed Jun 12 19:23:07 +0000 2024, 27 
Wed Jun 12 19:52:54 +0000 2024, 38 
Wed Jun 12 20:29:40 +0000 2024, 41
Wed Jun 12 21:04:10 +0000 2024, 51 
Wed Jun 12 21:38:11 +0000 2024, 89 
Wed Jun 12 22:09:06 +0000 2024, 98 
Wed Jun 12 22:39:22 +0000 2024, 103 
Wed Jun 12 23:00:11 +0000 2024, 107 
Thu Jun 13 11:03:46 +0000 2024, 14 
Thu Jun 13 11:35:06 +0000 2024, 19 
Thu Jun 13 11:59:35 +0000 2024, 24 
Thu Jun 13 12:28:45 +0000 2024, 27 
Thu Jun 13 13:04:40 +0000 2024, 28 
Thu Jun 13 13:28:14 +0000 2024, 21 
